Title,URL
The rise in automation and what it means for the future - The ...,"https://www.weforum.org/agenda/2021/04/the-rise-in-automation-and-what-it-means-for-the-future/#:~:text=Automation%20has%20shown%20significant%20progression,steer%20people%20towards%20other%20opportunities."
Automation And The Future Of Work - Forbes,https://www.forbes.com/sites/anniebrown/2021/06/02/automation-and-the-future-of-workhow-engineered-systems-are-improving-the-workplace/
A new study measures the actual impact of robots on jobs. It's,https://mitsloan.mit.edu/ideas-made-to-matter/a-new-study-measures-actual-impact-robots-jobs-its-significant
The future of robotics and automation relies on workers with advanced ...,https://www.bizjournals.com/cincinnati/news/2020/12/14/the-future-of-robotics-and-automation-relies-on-wo.html
"AI, automation, and the future of work: Ten things to solve for",https://www.mckinsey.com/featured-insights/future-of-work/ai-automation-and-the-future-of-work-ten-things-to-solve-for
Automation And The Future Of Work - Forbes,https://www.forbes.com/sites/anniebrown/2021/06/02/automation-and-the-future-of-workhow-engineered-systems-are-improving-the-workplace/
The Future Is Both Automated And Intelligent - Forbes,https://www.forbes.com/sites/forbestechcouncil/2021/04/08/the-future-is-both-automated-and-intelligent/
What is the Future of Automation | HCL Technologies,https://www.hcltech.com/technology-qa/the-future-of-automation
10 Thinkers on the Future of Automation | BlueBotics,https://bluebotics.com/future-of-automation/
AI and Automation Are Reshaping the Future of Work - Marsh ...,https://www.mmc.com/insights/publications/2019/sep/ai-and-automation-are-reshaping-the-future-of-work.html
What the Future of Automation Looks Like (& How to Get ...,https://blog.hubspot.com/marketing/what-the-future-of-automation-looks-like-and-how-to-get-ahead-right-now
Automation and the future of work | IBM,https://www.ibm.com/thought-leadership/institute-business-value/report/automation-workflows
Exploring the impact of automation and new technologies on ...,https://equitablegrowth.org/exploring-the-impact-of-automation-and-new-technologies-on-the-future-of-u-s-workers-and-their-families/
Automation is making human labor more valuable than ever,https://www.vox.com/a/new-economy-future/manual-labor-luxury-good
What Is the Future for Automation Engineers ? | ARC Advisory,https://www.arcweb.com/industry-best-practices/what-future-automation-engineers
"Automation and the Future of Work, Aaron Benanav - Verso ...",https://www.versobooks.com/books/3717-automation-and-the-future-of-work
"Digitalization, Automation and the Future of Work | Projects",https://www.exc.uni-konstanz.de/en/inequality/research/projects/digitalization-automation-and-the-future-of-work/
Automation & The Future Of Work: How Can You Prepare?,https://www.cxcglobal.com/future-work-automation/amp/
The Future of Automation: Will Robots Take Your Job?,https://blog.isa.org/the-future-of-automation-will-robots-take-your-job
Automation and the future of work: Assessing the role of labor ...,https://www.sciencedirect.com/science/article/pii/S1094202521000570
"Job automation, technology and the future of work - United ...",https://www.ufcw.org/better/technology-and-the-future-of-work/
The Future of Work Automation - Smartsheet,https://www.smartsheet.com/content-center/product-news/automation/future-of-automation
How the Future of Automation will Transform Business - NIX ...,https://nix-united.com/blog/the-future-of-automation/
12 jobs that AI will replace in future - Saviom,https://www.saviom.com/blog/12-jobs-that-robots-ai-will-replace-in-the-future-and-12-that-wont/
How recession and automation is changing the future of work,https://www.theceomagazine.com/business/innovation-technology/future-of-work/
The Future of Jobs in the Era of AI | BCG,https://www.bcg.com/publications/2021/impact-of-new-technologies-on-jobs
Automation and the Future of Work - MIT Economics,https://economics.mit.edu/files/20504
"A future that works: automation, employment, and productivity",https://www.voced.edu.au/content/ngv%3A75268
Artificial Intelligence and Automation 2022 - AI - Datamation,https://www.datamation.com/artificial-intelligence/artificial-intelligence-and-automation/
Automation and the future of jobs – optimism or pessimism ...,https://www.futureofworkhub.info/comment/2020/11/19/automation-and-the-future-of-jobs-optimism-or-pessimism-ahead
Is The Future of Automation in the Manufacturing Sector ...,https://www.techbriefs.com/component/content/article/tb/pub/features/articles/39983
Digital automation and the future of work,https://www.europarl.europa.eu/RegData/etudes/STUD/2021/656311/EPRS_STU(2021)656311_EN.pdf
What Is the Future Of Automation? - Planet Crust,https://www.planetcrust.com/what-is-the-future-of-automation
Automation and the Future of Work: Scenarios and Policy ...,https://www.cigionline.org/publications/automation-and-future-work-scenarios-and-policy-options/
The Future of Automated Technology: Embracing the 'Next ...,https://www.cognitiveautomation.com/resources/the-future-of-automated-technology
The Path to the Future of IIoT in Industrial Automation,https://www.automate.org/blogs/the-path-to-the-future-of-iiot-in-industrial-automation
Future of Automation: Robots Are Coming But Wont Take Jobs,https://www.digitaltrends.com/features/the-future-of-automation/
6 Predictions About the Future of Automation - Evolve ETFs,https://evolveetfs.com/2019/06/6-predictions-about-the-future-of-automation/
What the Future Holds for Robotic Process Automation,https://www.cio.com/article/189619/what-the-future-holds-for-robotic-process-automation-the-next-chapter.html
Future of Automation in India - LinkedIn,https://www.linkedin.com/pulse/future-automation-india-aswajit-boro
"Financial automation: The good, the bad, and the future",https://www.mindbridge.ai/blog/financial-automation-good-bad-future/
The Future of Industrial Automation,https://www.automation.com/en-us/articles/2003-2/the-future-of-industrial-automation
Five ways automation will help businesses - LAC Conveyors,https://www.lacconveyors.co.uk/future-of-automation/
TIA future technologies | Totally Integrated Automation (TIA),https://new.siemens.com/global/en/products/automation/topic-areas/tia/future-topics.html
Our Automated Future | The New Yorker,https://www.newyorker.com/magazine/2016/12/19/our-automated-future
5 Problems Automation Will Solve in the Future Workplace,https://www.konicaminolta.com.au/news-insight/blog/automation-in-future-workplace
Automation and the future of the workplace - Control Techniques,https://www.driveobsessed.com/2021/07/06/automation-and-the-future-of-the-workplace/
What Lies Ahead in the Future of Automation? - Analytics Insight,https://www.analyticsinsight.net/lies-ahead-future-automation/
Think Automation First - RPA - The Future of Work | UiPath,https://www.uipath.com/rpa/automation-first
Future of Work: Automation and Work Trends | Autodesk,https://www.autodesk.com.sg/future-of-work
"Women, Automation, and the Future of Work - IWPR",https://iwpr.org/iwpr-issues/esme/women-automation-and-the-future-of-work/
AI and automation: how can the UK prepare for the future of ...,https://www.newstatesman.com/spotlight/2021/11/ai-and-automation-how-can-the-uk-prepare-for-the-future-of-work
Robo-Apocalypse cancelled? Reframing the automation and ...,https://journals.sagepub.com/doi/abs/10.1177/0268396220925830
The Future of Automation – A Guide to What's Next - RS ...,https://uk.rs-online.com/web/generalDisplay.html?id=ideas-and-advice/future-automation-guide
What is the future for automation industry? - Quora,https://www.quora.com/What-is-the-future-for-automation-industry
"Artificial Intelligence, Automation and the Future of ...",https://www.routledge.com/Artificial-Intelligence-Automation-and-the-Future-of-Competence-at-Work/Johannessen/p/book/9780367640460
Automation and the Future of Food Equipment,https://www.food-safety.com/articles/7467-automation-and-the-future-of-food-equipment
The Future of Robotics and Automation in Manufacturing | PLEX,https://www.plex.com/platform/manufacturing-automation/future-robotics-and-automation
There Still So Many Jobs? The History and Future,https://pubs.aeaweb.org/doi/abs/10.1257/jep.29.3.3
Automation has changed the future of work. What about people?,https://diginomica.com/automation-future-work-people
Being Human in the Time of Automation - Salesforce Blog,https://www.salesforce.com/ap/blog/2021/08/automation-technologies-being-human.html
"how UK innovation is driven by AI, automation and robotics",https://natwestbusinesshub.com/articles/future-business-how-uk-innovation-is-driven-by-ai-automation-and-robotics
The future of knowledge work - Deloitte,https://www2.deloitte.com/content/dam/insights/us/articles/the-future-of-knowledge-work/DUP416_The-future-of-knowledge-work.pdf
Mapping your journey into the future: intelligent automation,https://www.genpact.com/insight/point-of-view/mapping-your-journey-into-the-future-intelligent-automation
Organize your future with robotic process automation,https://www.pwc.lu/en/rpa/docs/robotics-process-automation.pdf
"Automation and AI sound similar, but may have vastly different ...",https://www.brookings.edu/blog/the-avenue/2020/01/29/automation-and-artificial-intelligence-sound-similar-but-may-have-vastly-different-impacts-on-the-future-of-work/
Full article: Repoliticising the future of work: automation and ...,https://www.tandfonline.com/doi/full/10.1080/17530350.2022.2028651
"Aaron Benanav, Automation and the Future of Work—1, NLR ...",https://newleftreview.org/issues/ii119/articles/aaron-benanav-automation-and-the-future-of-work-1
Debating the Future of Work: The Perception and ... - Frontiers,https://www.frontiersin.org/articles/10.3389/fpsyg.2020.01965/full
The Evolution and Future Scope of Industrial Automation,https://wisdomplexus.com/blogs/industrial-automation-future-scope/
Is Automation the Future of the Supply Chain?,https://supplychaindigital.com/technology/automation-future-supply-chain
Future Trends for Robotics and Automation,https://www.robotics247.com/article/insights_on_future_trends_for_robotics_and_automation
Automation: The Future of Manufacturing Is Here | 2020-08-01,https://www.qualitymag.com/articles/96158-automation-the-future-of-manufacturing-is-here
Why Hyperautomation is the future of Intelligent Automation,https://www.aurora-ecs.com/insights/why-hyperautomation-is-the-future-of-intelligent-automation/
What happened to jobs at high risk of automation? - OECD,https://www.oecd.org/future-of-work/reports-and-data/what-happened-to-jobs-at-high-risk-of-automation-2021.pdf
"Era of Automation, Future of Work | USA - Samsung SDS",https://www.samsungsds.com/us/blog/automation.html
Automation and the Future of Work | Philosophy Talk,https://www.philosophytalk.org/blog/automation-and-future-work
Data automation: the future of data analytics - Unit4,https://www.unit4.com/blog/data-automation-future-data-analytics
The future of work is automation: How not to be replaced,https://blog.airslate.com/future-work-automation-avoid-replacement/
"Rise of the Machines: The Future has Lots of Robots, Few Jobs",https://www.wired.com/brandlab/2015/04/rise-machines-future-lots-robots-jobs-humans/
The Future of Advanced Automation and Robotics Jobs - ARM,https://arminstitute.org/future-robotics-and-automation-jobs/
How Will Automation Affect the Future Workplace? - CMSWire,https://www.cmswire.com/digital-workplace/how-will-automation-affect-the-future-workplace/
3 Reasons Intelligent Automation Is the Future of Finance,https://www.sutherlandglobal.com/our-thinking/3-reasons-intelligent-automation-is-the-future-of-finance
Automation and Future Unemployment - IEEE Computer Society,https://www.computer.org/csdl/magazine/it/2016/01/mit2016010062/13rRUxNEqM8
Future Automation - TV Lifts | TV Wall Mounts | Projector ...,https://www.futureautomation.co.uk/
Future of finance: Extreme automation,https://advisory.kpmg.us/articles/2019/extreme-automation.html
The future of automation: a more integrated outlook,https://www.thinkautomation.com/future-of-work/the-future-of-automation-a-more-integrated-outlook/
Will A Robot Take Your Job? AI & The Future Of Jobs | Built In,https://builtin.com/artificial-intelligence/ai-replacing-jobs-creating-jobs
The Future Is Automation - ZealousWeb,https://www.zealousweb.com/the-future-is-automation/
Work in an Automated Future by Johan Aurik - Project Syndicate,https://www.project-syndicate.org/commentary/future-of-work-automation-by-johan-aurik-2017-01
What does the future of intelligent automation look like in 2022?,https://datacenternews.asia/story/what-does-the-future-of-intelligent-automation-look-like-in-2022
Guided Search Filters,
5 investors discuss the future of RPA after UiPath's IPO,https://techcrunch.com/2021/05/07/5-investors-discuss-the-future-of-rpa-after-uipaths-ipo/
How Will Home Automation Affect our Future? | ArchDaily,https://www.archdaily.com/923478/how-will-home-automation-affect-our-future
Automation and the Future of Work - Goodreads,https://www.goodreads.com/en/book/show/54797847
"A future that works: automation, employment, and productivity",https://www.semanticscholar.org/paper/A-future-that-works%3A-automation%2C-employment%2C-and-Manyika-Chui/e3ac9558f18234cdf92b730a7386ff16d446a1af
Preparing for an Automated Future | 2018-08-23 - Packaging ...,https://www.packagingstrategies.com/articles/90639-preparing-for-an-automated-future
Five Rules To Building A Future-proof Automation Strategy,https://www.forbesindia.com/blog/technology/five-rules-to-building-a-future-proof-automation-strategy/
Software bots could be the future of business automation - Axios,https://www.axios.com/digital-workers-business-intelligent-automation-91819070-aeae-4510-b99c-69861cf3b0f8.html
The Future of Work is Now: Is APAC Ready? Autodesk ...,https://damassets.autodesk.net/content/dam/autodesk/www/campaigns/future-of-work/the-future-of-work-is-now-deloitte-2021.pdf
